ADM1_EN,ADM2_EN,ADM3_EN,ADM3_PCODE,nightlight_mean,nightlight_max,nightlight_std,pop_density_mean,pop_total,road_density_km_per_km2,health_facility_count,school_count
Kigali City,Nyarugenge,Gitega,RW1101,30.248611450195312,37.057373046875,4.39701783782886,22726.2578125,22726.2578125,19.8609,2,0
Kigali City,Nyarugenge,Kanyinya,RW1102,2.682175485711349,11.35682487487793,1.5804660398731707,1896.2553385416666,56887.66015625,4.4369,2,0
Kigali City,Nyarugenge,Kigali,RW1103,4.426003560532618,16.59145164489746,3.5689176865726067,1599.624747983871,49588.3671875,7.2218,1,0
Kigali City,Nyarugenge,Kimisagara,RW1104,14.054430448091948,30.4676570892334,7.248187968212654,20985.2421875,62955.7265625,15.0607,9,0
Kigali City,Nyarugenge,Mageregere,RW1105,1.2733702659606934,4.67155122756958,1.1558735676493002,627.9979567307693,40819.8671875,3.7909,2,0
Kigali City,Nyarugenge,Muhima,RW1106,34.448437030498795,46.990333557128906,6.469979243770517,7336.042317708333,22008.126953125,12.3141,29,0
Kigali City,Nyarugenge,Nyakabanda,RW1107,12.862579345703125,22.994333267211914,5.67584504390981,13995.287760416666,41985.86328125,12.9946,2,0
Kigali City,Nyarugenge,Nyamirambo,RW1108,10.053359613185975,25.758438110351562,7.2499235221629394,6129.697443181818,67426.671875,11.567,16,0
Kigali City,Nyarugenge,Nyarugenge,RW1109,38.10875302269345,56.727745056152344,9.090518584671221,5171.477864583333,31028.8671875,13.0172,51,0
Kigali City,Nyarugenge,Rwezamenyo,RW1110,24.796351623535156,32.85737609863281,4.305358693223896,13041.072265625,13041.072265625,16.4527,8,0
Kigali City,Gasabo,Bumbogo,RW1201,3.9483646831445993,24.471195220947266,5.3024864507652785,1197.3974471830986,85015.21875,5.8481,3,0
Kigali City,Gasabo,Gatsata,RW1202,7.977414812360491,24.96153450012207,4.584517965089865,9502.4189453125,76019.3515625,8.9852,3,0
Kigali City,Gasabo,Gikomero,RW1203,0.03575109398883322,0.9430645108222961,0.16886521868973325,598.3117732558139,25727.40625,4.2662,0,0
Kigali City,Gasabo,Gisozi,RW1204,16.78075714111328,28.847902297973633,5.119733408783242,13749.3125,123743.8125,10.7491,41,0
Kigali City,Gasabo,Jabana,RW1205,4.309497987603866,22.220624923706055,4.418632805937905,1737.1817255434783,79910.359375,5.766,5,0
Kigali City,Gasabo,Jali,RW1206,1.362862030205699,10.22783374786377,1.831044266923312,857.541015625,34301.640625,5.0391,1,0
Kigali City,Gasabo,Kacyiru,RW1207,30.24511249248798,37.98317337036133,4.862027372890334,6272.6640625,43908.6484375,14.6407,24,0
Kigali City,Gasabo,Kimihurura,RW1208,40.80388916015625,91.43111419677734,17.493532450149452,4743.379231770833,28460.275390625,14.708,13,0
Kigali City,Gasabo,Kimironko,RW1209,24.896901633522727,55.18730163574219,8.476045896305253,7106.959821428572,99497.4375,15.2625,62,0
Kigali City,Gasabo,Kinyinya,RW1210,13.60660879952567,43.689842224121094,9.182241743554869,5572.0546875,144873.421875,9.4186,33,0
Kigali City,Gasabo,Ndera,RW1211,5.699356537520118,21.814849853515625,5.096754227960746,1446.6572443181817,79566.1484375,8.1335,11,0
Kigali City,Gasabo,Nduba,RW1212,2.5632421190493573,11.565535545349121,2.5620805168134777,841.5975864955357,47129.46484375,5.8517,1,0
Kigali City,Gasabo,Remera,RW1213,39.374267578125,87.32273864746094,16.10100737654374,8456.866319444445,76111.796875,15.6248,60,0
Kigali City,Gasabo,Rusororo,RW1214,4.130073391661352,27.604923248291016,5.419218371010171,961.4805349576271,56727.3515625,6.2062,9,0
Kigali City,Gasabo,Rutunga,RW1215,0.12301297923225668,1.3698182106018066,0.31015330779569805,514.2858737244898,25200.0078125,4.0347,0,0
Kigali City,Kicukiro,Gahanga,RW1301,6.820915265271893,19.700000762939453,4.4488891905644055,1283.5505087209303,55192.671875,5.7866,3,0
Kigali City,Kicukiro,Gatenga,RW1302,13.143138820842161,29.42508316040039,6.8324982187752,6170.6982421875,98731.171875,13.9808,16,0
Kigali City,Kicukiro,Gikondo,RW1303,22.500196184430802,27.92353630065918,3.187811245944824,5477.779947916667,16433.33984375,14.3661,7,0
Kigali City,Kicukiro,Kagarama,RW1304,18.015655517578125,31.821331024169922,5.569703148228665,2089.1701388888887,18802.53125,11.9838,3,0
Kigali City,Kicukiro,Kanombe,RW1305,11.921663411458333,41.5798454284668,8.085930612891717,2576.527478448276,74719.296875,9.454,29,0
Kigali City,Kicukiro,Kicukiro,RW1306,28.183984375,35.46580505371094,4.618023906220172,8445.699869791666,25337.099609375,15.8526,21,0
Kigali City,Kicukiro,Kigarama,RW1307,16.1606132693407,25.02428436279297,5.087036199677874,7313.472222222223,65821.25,13.6731,14,0
Kigali City,Kicukiro,Masaka,RW1308,4.42474865522541,23.87483024597168,5.271981924325134,1096.9257192460318,69106.3203125,6.5795,8,0
Kigali City,Kicukiro,Niboye,RW1309,28.22759755452474,44.988407135009766,8.943255260433466,5972.571875,29862.859375,14.583,23,0
Kigali City,Kicukiro,Nyarugunga,RW1310,21.067210286458334,44.603878021240234,9.408884987281903,3733.3059210526317,70932.8125,10.7158,29,0
Southern Province,Nyanza,Busasamana,RW2101,1.4245528844527868,7.7714996337890625,1.6204496208071597,1063.0078125,60591.4453125,5.358,9,0
Southern Province,Nyanza,Busoro,RW2102,0.2750948135776353,7.917544364929199,0.7484763905702196,594.4233842329545,52309.2578125,2.6605,2,0
Southern Province,Nyanza,Cyabakamyi,RW2103,0.0,0.0,0.0,433.97339898767603,30812.111328125,3.8518,2,0
Southern Province,Nyanza,Kibilizi,RW2104,0.010664100499497247,1.126031756401062,0.08890282163059912,528.9966755319149,49725.6875,3.0973,3,0
Southern Province,Nyanza,Kigoma,RW2105,0.2756589130290504,2.5307016372680664,0.4886153741347668,653.0576714409722,47020.15234375,3.3611,1,0
Southern Province,Nyanza,Mukingo,RW2106,0.1797358194986979,1.5205357074737549,0.356005911878008,1052.7856889204545,92645.140625,3.4672,2,0
Southern Province,Nyanza,Muyira,RW2107,0.2576284558361113,1.794918179512024,0.4520081700673754,624.0896045918367,61160.78125,2.9653,2,0
Southern Province,Nyanza,Ntyazo,RW2108,0.07721237971864897,1.6524559259414673,0.24057696297342604,626.246254280822,45715.9765625,3.7882,2,0
Southern Province,Nyanza,Nyagisozi,RW2109,0.053360801179148806,2.8368334770202637,0.2642554588717494,431.33115808823527,36663.1484375,3.8726,3,0
Southern Province,Nyanza,Rwabicuma,RW2110,0.08232713514758695,1.7591668367385864,0.2656326036461929,507.1106770833333,28905.30859375,4.2073,2,0
Southern Province,Gisagara,Gikonko,RW2201,0.024232950333361973,0.7149180173873901,0.11599768573598093,600.6229475635594,35436.75390625,3.2382,3,0
Southern Province,Gisagara,Gishubi,RW2202,0.010042671499581173,0.7442424893379211,0.07666021166299757,552.3879523026316,41981.484375,3.1166,1,0
Southern Province,Gisagara,Kansi,RW2203,0.029071710547622368,0.7599999308586121,0.1272707866120975,435.1279703776042,20886.142578125,3.8592,2,0
Southern Province,Gisagara,Kibirizi,RW2204,0.9473694334638879,6.985080242156982,1.0672014888635657,714.4481608072916,34293.51171875,4.0915,3,0
Southern Province,Gisagara,Kigembe,RW2205,0.014077287799907181,0.7139683365821838,0.08443715911194553,460.1002604166667,23465.11328125,3.1272,0,0
Southern Province,Gisagara,Mamba,RW2206,0.29545741385601937,10.81344223022461,1.076335863831553,572.6027434593024,49243.8359375,2.9989,2,0
Southern Province,Gisagara,Muganza,RW2207,0.0,0.0,0.0,547.1500692246835,43224.85546875,2.4499,1,0
Southern Province,Gisagara,Mugombwa,RW2208,0.021941466673517027,0.6839999556541443,0.10611171625044222,532.1939991918103,30867.251953125,3.5585,1,0
Southern Province,Gisagara,Mukindo,RW2209,0.0,0.0,0.0,590.8999660326087,27181.3984375,3.2444,1,0
Southern Province,Gisagara,Musha,RW2210,0.11579049754346538,2.519364833831787,0.3580894419772337,611.6496930803571,34252.3828125,2.8514,2,0
Southern Province,Gisagara,Ndora,RW2211,0.3870464634979572,4.846507549285889,0.7562885731512178,484.33318661971833,34387.65625,3.5483,2,0
Southern Province,Gisagara,Nyanza,RW2212,0.10033328230209772,1.717376947402954,0.28905744904386915,488.7416294642857,17105.95703125,3.3462,1,0
Southern Province,Gisagara,Save,RW2213,0.577219564447958,3.8960654735565186,0.8530756312168503,761.0255102040817,37290.25,5.0593,2,0
Southern Province,Nyaruguru,Busanze,RW2301,0.055570855198136294,1.08650803565979,0.17303412941511068,470.9178631756757,34847.921875,4.0844,1,0
Southern Province,Nyaruguru,Cyahinda,RW2302,0.05847933197021484,1.5640323162078857,0.20154931762336853,468.9822617827869,28607.91796875,4.9894,2,0
Southern Province,Nyaruguru,Kibeho,RW2303,0.3191550979822143,6.127626419067383,0.7925846412936627,353.67771337365593,32892.02734375,3.0412,0,0
Southern Province,Nyaruguru,Kivu,RW2304,0.023388670561851198,1.1370174884796143,0.11609103621195094,175.21569991438355,25581.4921875,1.794,1,0
Southern Province,Nyaruguru,Mata,RW2305,0.05370968763331911,1.0616949796676636,0.1775821727233139,292.4471072635135,21641.0859375,4.4274,1,0
Southern Province,Nyaruguru,Muganza,RW2306,0.02598536042474751,1.1595312356948853,0.12700812340616424,235.91729266826923,24535.3984375,2.3965,1,0
Southern Province,Nyaruguru,Munini,RW2307,0.23071960166648584,4.015312671661377,0.6105179625427215,343.354564525463,18541.146484375,4.1871,2,0
Southern Province,Nyaruguru,Ngera,RW2308,0.07008169719151087,0.8301538825035095,0.19609809298810948,424.8278985507246,29313.125,3.7207,0,0
Southern Province,Nyaruguru,Ngoma,RW2309,0.09840541226523263,0.7731147408485413,0.22110218426360026,621.2351792279412,31682.994140625,3.7107,1,0
Southern Province,Nyaruguru,Nyabimata,RW2310,0.06676058161178691,1.2857142686843872,0.19780558433698572,172.5379971590909,24672.93359375,1.8332,2,0
Southern Province,Nyaruguru,Nyagisozi,RW2311,0.02398081168443143,0.6475409865379333,0.10816822001180368,583.4185112847222,21003.06640625,5.0,2,0
Southern Province,Nyaruguru,Ruheru,RW2312,0.06661375427246094,3.0953571796417236,0.28631779714819683,555.5296285377359,58886.140625,2.0989,2,0
Southern Province,Nyaruguru,Ruramba,RW2313,0.0,0.0,0.0,389.7603945974576,22995.86328125,4.3837,0,0
Southern Province,Nyaruguru,Rusenge,RW2314,0.11094078810318657,1.522033929824829,0.2892588091464752,482.22494419642857,33755.74609375,3.7768,1,0
Southern Province,Huye,Gishamvu,RW2401,0.0,0.0,0.0,506.51613136574076,13675.935546875,3.993,1,0
Southern Province,Huye,Huye,RW2402,0.3826970479574548,3.8879311084747314,0.6309407862559434,752.598037347561,30856.51953125,5.0514,2,0
Southern Province,Huye,Karama,RW2403,0.0,0.0,0.0,359.02740778688525,21900.671875,3.7706,0,0
Southern Province,Huye,Kigoma,RW2404,0.1243800239084156,1.2548387050628662,0.30600768811110557,554.6743489583333,33280.4609375,4.6975,2,0
Southern Province,Huye,Kinazi,RW2405,0.20445354528594437,1.8868333101272583,0.38155986543970655,594.2662168560606,39221.5703125,3.8178,0,0
Southern Province,Huye,Maraba,RW2406,0.12002505630743308,1.5574136972427368,0.27442371550532,528.7021484375,30664.724609375,3.9352,0,0
Southern Province,Huye,Mbazi,RW2407,0.7996816924124053,4.928225517272949,0.9800459206953928,869.4348404255319,40863.4375,4.9768,0,0
Southern Province,Huye,Mukura,RW2408,0.6738974301869632,3.9413797855377197,0.8778157287718927,769.4167258522727,25390.751953125,4.4404,2,0
Southern Province,Huye,Ngoma,RW2409,5.246456298828125,16.437580108642578,4.347616297912273,1337.359619140625,32096.630859375,7.1186,27,0
Southern Province,Huye,Ruhashya,RW2410,0.24539996626039431,3.440000057220459,0.46344394861601185,594.1011584051724,34457.8671875,4.6659,1,0
Southern Province,Huye,Rusatira,RW2411,0.3622817035499477,1.8779032230377197,0.4391431124600866,602.1514136904761,37935.5390625,4.0284,1,0
Southern Province,Huye,Rwaniro,RW2412,0.0,0.0,0.0,502.85228365384614,32685.3984375,4.367,1,0
Southern Province,Huye,Simbi,RW2413,0.07224112327652749,1.1970689296722412,0.2293952972098883,563.838671875,28191.93359375,4.4335,3,0
Southern Province,Huye,Tumba,RW2414,2.202471663312214,7.919530868530273,1.9817789773759498,2393.0671164772725,52647.4765625,7.9806,4,0
Southern Province,Nyamagabe,Buruhukiro,RW2501,0.028360005127619266,1.6670268774032593,0.15288090653586286,167.9699176290761,30906.46484375,1.1808,1,0
Southern Province,Nyamagabe,Cyanika,RW2502,0.036877016382893237,0.819636344909668,0.14856188179981936,560.4128654233871,34745.59765625,3.8852,0,0
Southern Province,Nyamagabe,Gasaka,RW2503,0.9853842599051339,8.089643478393555,1.3497493454861083,1468.5492021276596,69021.8125,4.8476,3,0
Southern Province,Nyamagabe,Gatare,RW2504,0.03901787061949034,1.285641074180603,0.16775859223722714,268.47645399305554,19330.3046875,3.0365,2,0
Southern Province,Nyamagabe,Kaduha,RW2505,0.05946323004635898,1.7667306661605835,0.23209483446295143,321.3209186422414,27954.919921875,3.3334,2,0
Southern Province,Nyamagabe,Kamegeri,RW2506,0.023152467451597516,0.7934482097625732,0.109081682035274,482.10810546875,19284.32421875,4.0009,0,0
Southern Province,Nyamagabe,Kibirizi,RW2507,0.058678458008585094,0.9699999094009399,0.18358187753469832,568.6641949152543,33551.1875,3.8926,1,0
Southern Province,Nyamagabe,Kibumbwe,RW2508,0.0,0.0,0.0,294.46219544491527,17373.26953125,2.8625,0,0
Southern Province,Nyamagabe,Kitabi,RW2509,0.3496343805926487,2.4263463020324707,0.5794976076231891,280.93198939732144,31464.3828125,2.6145,2,0
Southern Province,Nyamagabe,Mbazi,RW2510,0.0,0.0,0.0,431.4009415064103,16824.63671875,2.7319,1,0
Southern Province,Nyamagabe,Mugano,RW2511,0.01060949591384537,1.1769089698791504,0.08341432408009268,268.8162745786517,23924.6484375,3.129,1,0
Southern Province,Nyamagabe,Musange,RW2512,0.0,0.0,0.0,406.35210503472223,29257.3515625,4.1232,1,0
Southern Province,Nyamagabe,Musebeya,RW2513,0.04312836354778659,1.430925965309143,0.18204264355997876,344.76754662298384,21375.587890625,3.0299,1,0
Southern Province,Nyamagabe,Mushubi,RW2514,0.0019893492819994863,0.3362000286579132,0.025784913710405054,366.8487995426829,15040.80078125,4.0729,1,0
Southern Province,Nyamagabe,Nkomane,RW2515,0.0,0.0,0.0,211.65159574468086,19895.25,2.5604,1,0
Southern Province,Nyamagabe,Tare,RW2516,0.31941945929276316,2.883448600769043,0.5739131309959459,590.0581597222222,31863.140625,4.6417,1,0
Southern Province,Nyamagabe,Uwinkingi,RW2517,0.20385255701401656,2.365999937057495,0.451684612030519,319.9350678066038,33913.1171875,3.0498,1,0
Southern Province,Ruhango,Bweramana,RW2601,0.13906026440997457,2.382777690887451,0.35262730954392413,687.3151041666666,43300.8515625,4.3691,2,0
Southern Province,Ruhango,Byimana,RW2602,0.7002128416279195,12.175740242004395,1.3443071542651406,626.6264982876712,45743.734375,4.0609,0,0
Southern Province,Ruhango,Kabagali,RW2603,0.047083578345632385,1.5498113632202148,0.20457970924921404,451.30502232142857,31591.3515625,4.1095,1,0
Southern Province,Ruhango,Kinazi,RW2604,0.14559576558131798,3.331295967102051,0.39560983179198883,774.8956310679612,79814.25,3.2488,5,0
Southern Province,Ruhango,Kinihira,RW2605,0.047195384200190156,1.7737737894058228,0.2116798787108521,474.31830357142854,33202.28125,3.277,2,0
Southern Province,Ruhango,Mbuye,RW2606,0.07101969498054858,1.1846551895141602,0.21914309853363675,641.2743195564516,59638.51171875,3.0643,3,0
Southern Province,Ruhango,Mwendo,RW2607,0.0021510874952068767,0.5635849237442017,0.03475188202876555,549.7628847947761,36834.11328125,3.088,2,0
Southern Province,Ruhango,Ntongwe,RW2608,0.006123227906296621,0.6118965148925781,0.056767150846601375,497.71695772058825,42305.94140625,2.7506,1,0
Southern Province,Ruhango,Ruhango,RW2609,0.6073678823617789,8.471272468566895,1.1394687566588326,853.893434758772,97343.8515625,4.1051,6,0
Southern Province,Muhanga,Cyeza,RW2701,0.24832726937753183,5.462075233459473,0.6526137358885801,561.2620793269231,36482.03515625,4.6806,6,0
Southern Province,Muhanga,Kabacuzi,RW2702,0.010598837147353391,0.7371154427528381,0.0810581710205768,354.86805050872096,30518.65234375,3.924,5,0
Southern Province,Muhanga,Kibangu,RW2703,0.0,0.0,0.0,431.30210658482144,24152.91796875,4.8657,1,0
Southern Province,Muhanga,Kiyumba,RW2704,0.041431136456014435,1.2150943279266357,0.15891755853859305,343.0097931338028,24353.6953125,4.6985,2,0
Southern Province,Muhanga,Muhanga,RW2705,0.19339657813003383,1.7948076725006104,0.35007249104433036,449.02158717105266,34125.640625,3.4143,0,0
Southern Province,Muhanga,Mushishiro,RW2706,0.009766649914927691,0.6857692003250122,0.07725137091674343,382.9591103830645,23743.46484375,3.2782,0,0
Southern Province,Muhanga,Nyabinoni,RW2707,0.0,0.0,0.0,417.51328125,18788.09765625,3.1506,2,0
Southern Province,Muhanga,Nyamabuye,RW2708,2.6317285690864507,12.986347198486328,2.8801537748701707,1917.4597886029412,65193.6328125,7.1758,12,0
Southern Province,Muhanga,Nyarusange,RW2709,0.04138388469301421,0.8670370578765869,0.15938831217525212,454.0023107394366,32234.1640625,2.9436,1,0
Southern Province,Muhanga,Rongi,RW2710,0.0,0.0,0.0,411.28145559210526,39071.73828125,3.5498,4,0
Southern Province,Muhanga,Rugendabari,RW2711,0.13309608459472655,1.106600046157837,0.28899157001033543,408.1206640625,20406.033203125,3.466,1,0
Southern Province,Muhanga,Shyogwe,RW2712,1.7395885718796782,9.275849342346191,2.0310087581055316,1409.5768229166667,59202.2265625,6.1735,4,0
Southern Province,Kamonyi,Gacurabwenge,RW2801,0.5968192988990718,3.2219998836517334,0.6811677507217401,684.3815545550848,40378.51171875,4.3534,2,0
Southern Province,Kamonyi,Karama,RW2802,0.01762857164655413,0.6890565156936646,0.10314790378773168,469.70649857954544,20667.0859375,3.8471,2,0
Southern Province,Kamonyi,Kayenzi,RW2803,0.0747366993367171,1.039107084274292,0.2234697453873761,599.8424920550848,35390.70703125,4.3506,0,0
Southern Province,Kamonyi,Kayumbu,RW2804,0.0,0.0,0.0,510.829638671875,20433.185546875,3.4682,1,0
Southern Province,Kamonyi,Mugina,RW2805,0.09418275824003813,1.5229412317276,0.27157662332192295,577.6100886418269,60071.44921875,2.9972,1,0
Southern Province,Kamonyi,Musambira,RW2806,0.25495623902186454,1.6606557369232178,0.42636810884651244,640.657200168919,47408.6328125,3.5629,0,0
Southern Province,Kamonyi,Ngamba,RW2807,0.18798179884214658,2.211724042892456,0.39761008231890693,509.6233723958333,18346.44140625,3.9606,0,0
Southern Province,Kamonyi,Nyamiyaga,RW2808,0.011913238825190681,1.2373437881469727,0.09789875743519925,691.5688004032259,64315.8984375,3.9977,1,0
Southern Province,Kamonyi,Nyarubaka,RW2809,0.319576899210612,2.450861930847168,0.5315231648782537,680.7005208333334,36757.828125,4.1583,0,0
Southern Province,Kamonyi,Rugarika,RW2810,0.8012594753145147,4.669166564941406,1.0018563990846803,629.3800035112359,56014.8203125,4.4867,4,0
Southern Province,Kamonyi,Rukoma,RW2811,0.14939711004866604,1.786333441734314,0.35875099908716707,722.84296875,43370.578125,4.4574,3,0
Southern Province,Kamonyi,Runda,RW2812,3.0214899236505683,11.360794067382812,2.596427818784825,953.8926741803278,58187.453125,7.241,5,0
Western Province,Karongi,Bwishyura,RW3101,1.0223073371778733,6.428809642791748,1.1070103749242641,823.0041360294117,41973.2109375,5.4323,6,0
Western Province,Karongi,Gashari,RW3102,0.01757438822942949,0.6600000262260437,0.09850162762525344,350.79736328125,22451.03125,3.1682,2,0
Western Province,Karongi,Gishyita,RW3103,0.2615214412652173,1.5863415002822876,0.39940382666133184,536.5055277122641,28434.79296875,3.8421,4,0
Western Province,Karongi,Gitesi,RW3104,0.015840656930507895,0.7073913216590881,0.09498927063036482,393.8333629261364,34657.3359375,4.0739,2,0
Western Province,Karongi,Mubuga,RW3105,0.21093925388380028,1.6483720541000366,0.37947462843765434,561.2701822916666,23573.34765625,4.6349,2,0
Western Province,Karongi,Murambi,RW3106,0.04204206547494662,1.012799859046936,0.15290831655905426,475.5399894067797,28056.859375,3.5734,1,0
Western Province,Karongi,Murundi,RW3107,0.03743183261058369,1.017755150794983,0.15060144370963838,483.87028206168833,37258.01171875,3.4401,1,0
Western Province,Karongi,Mutuntu,RW3108,0.0,0.0,0.0,386.32485219594594,28588.0390625,3.5052,2,0
Western Province,Karongi,Rubengera,RW3109,0.7595605248803491,4.521522045135498,0.8645865596960476,931.809375,51249.515625,5.2414,1,0
Western Province,Karongi,Rugabano,RW3110,0.19182534053407865,2.9992001056671143,0.4368425679658155,361.846405372191,32204.330078125,4.3343,3,0
Western Province,Karongi,Ruganda,RW3111,0.0,0.0,0.0,340.1106770833333,23467.63671875,3.5058,1,0
Western Province,Karongi,Rwankuba,RW3112,0.04686323607840189,1.1063636541366577,0.17124464438412487,554.527108433735,46025.75,3.6181,4,0
Western Province,Karongi,Twumba,RW3113,0.010887808789355044,0.8428947329521179,0.07864778347568352,276.68369838169644,30988.57421875,3.4936,3,0
Western Province,Rutsiro,Boneza,RW3201,0.0,0.0,0.0,859.9052483974359,33536.3046875,3.8381,1,0
Western Province,Rutsiro,Gihango,RW3202,0.3947493797124818,3.213243246078491,0.6164481660891846,608.7970170454546,33483.8359375,4.0422,3,0
Western Province,Rutsiro,Kigeyo,RW3203,0.2360182007153829,1.384390115737915,0.38310104947610385,620.0410571808511,29141.9296875,4.3594,2,0
Western Province,Rutsiro,Kivumu,RW3204,0.46992603246716486,2.082174062728882,0.6079913874419656,1269.4569196428572,44430.9921875,6.0012,1,0
Western Province,Rutsiro,Manihira,RW3205,0.0,0.0,0.0,495.5904947916667,20814.80078125,4.4567,1,0
Western Province,Rutsiro,Mukura,RW3206,0.17345800556120325,3.0898079872131348,0.449834154246538,500.7857232862903,62097.4296875,3.789,2,0
Western Province,Rutsiro,Murunda,RW3207,0.08782784598214285,1.8786110877990723,0.32197198264770893,506.502197265625,28364.123046875,3.0224,4,0
Western Province,Rutsiro,Musasa,RW3208,0.1576859343285654,1.6945945024490356,0.3840068147668355,614.2108637971698,32553.17578125,3.2942,1,0
Western Province,Rutsiro,Mushonyi,RW3209,0.16295336405436198,1.7638463973999023,0.35963805317767067,793.5346053685897,30947.849609375,4.6169,0,0
Western Province,Rutsiro,Mushubati,RW3210,0.32062948393129215,2.251950979232788,0.4945147561960294,608.9745751096491,34711.55078125,4.2675,2,0
Western Province,Rutsiro,Nyabirasi,RW3211,0.03147229199160897,0.9786665439605713,0.14724332795578698,363.66354658018867,38548.3359375,2.901,1,0
Western Province,Rutsiro,Ruhango,RW3212,0.15272249494280135,1.6361538171768188,0.37711755518200923,573.9243551587301,36157.234375,3.4547,3,0
Western Province,Rutsiro,Rusebeya,RW3213,0.0,0.0,0.0,482.38359375,28943.015625,4.3515,2,0
Western Province,Rubavu,Bugeshi,RW3301,0.04304961755242146,0.9486362934112549,0.16921203349667602,1114.547092013889,40123.6953125,3.7969,1,0
Western Province,Rubavu,Busasamana,RW3302,0.0,0.0,0.0,1363.5888671875,59997.91015625,3.0641,1,0
Western Province,Rubavu,Cyanzarwe,RW3303,0.0853488564491272,1.5697500705718994,0.3052670496163943,1039.4814703525642,40539.77734375,2.7133,3,0
Western Province,Rubavu,Gisenyi,RW3304,10.965055025540865,21.57512092590332,4.94908976858627,8964.77064732143,125506.7890625,13.603,24,0
Western Province,Rubavu,Kanama,RW3305,0.18169985616148399,3.6231818199157715,0.5411359413297636,802.7711256377551,39335.78515625,3.2825,4,0
Western Province,Rubavu,Kanzenze,RW3306,0.5964564029301438,2.5594120025634766,0.667486622744768,1021.0478125,25526.1953125,2.4072,0,0
Western Province,Rubavu,Mudende,RW3307,0.05847295736655211,1.4472973346710205,0.21676144328973748,1102.1278582317073,45187.2421875,4.2663,1,0
Western Province,Rubavu,Nyakiriba,RW3308,1.0160777752216046,4.784999847412109,1.097274966216154,1756.6803125,43917.0078125,4.3154,1,0
Western Province,Rubavu,Nyamyumba,RW3309,1.8516956294348481,9.03568172454834,1.6144104752852955,1979.5118885869565,45528.7734375,6.4586,2,0
Western Province,Rubavu,Nyundo,RW3310,0.7229997284558355,5.509284973144531,1.2276077433903667,1342.7469951923076,52367.1328125,5.613,1,0
Western Province,Rubavu,Rubavu,RW3311,2.5777406298424586,10.078611373901367,2.4328445366112037,1983.969692887931,57535.12109375,5.5855,3,0
Western Province,Rubavu,Rugerero,RW3312,2.495365800528691,9.286585807800293,1.724472284387214,2686.2086693548385,83272.46875,5.5669,3,0
Western Province,Nyabihu,Bigogwe,RW3401,0.3085769341916454,4.204999923706055,0.6735099302939092,680.6187243852459,41517.7421875,2.5752,2,0
Western Province,Nyabihu,Jenda,RW3402,0.21342776114480538,2.5299999713897705,0.4521462134317146,896.5575344279661,52896.89453125,2.3539,2,0
Western Province,Nyabihu,Jomba,RW3403,0.10535471613814192,2.104565143585205,0.3039380586883162,609.1342659883721,26192.7734375,5.5892,1,0
Western Province,Nyabihu,Kabatwa,RW3404,0.0584690157046988,1.282857060432434,0.20206958575917022,425.8457704741379,24699.0546875,1.4271,0,0
Western Province,Nyabihu,Karago,RW3405,0.21069391972601076,1.3948571681976318,0.35014042837168063,624.9973090277778,28124.87890625,3.3192,0,0
Western Province,Nyabihu,Kintobo,RW3406,0.04527705907821655,1.1007895469665527,0.17166078737104892,526.5121922348485,17374.90234375,3.7054,3,0
Western Province,Nyabihu,Mukamira,RW3407,0.4714903165508249,3.134838819503784,0.60760983988166,832.9105282738095,34982.2421875,3.0151,1,0
Western Province,Nyabihu,Muringa,RW3408,0.03282449230458002,0.8319149613380432,0.1382804607994001,389.4599873310811,28820.0390625,3.4474,0,0
Western Province,Nyabihu,Rambura,RW3409,0.16288615381994911,1.7355554103851318,0.3623786497976626,475.72940340909093,36631.1640625,3.2165,4,0
Western Province,Nyabihu,Rugera,RW3410,0.0,0.0,0.0,603.5493923611111,27159.72265625,4.6014,1,0
Western Province,Nyabihu,Rurembo,RW3411,0.031597872997852085,0.9850000143051147,0.1464221963763191,597.3475713315217,27477.98828125,6.3495,0,0
Western Province,Nyabihu,Shyira,RW3412,0.0,0.0,0.0,671.858056640625,26874.322265625,6.6763,5,0
Western Province,Ngororero,Bwira,RW3501,0.0,0.0,0.0,530.4158033288044,24399.126953125,4.1437,0,0
Western Province,Ngororero,Gatumba,RW3502,0.11470734246886603,1.2090741395950317,0.2645733908566863,574.5466496394231,29876.42578125,3.6814,4,0
Western Province,Ngororero,Hindiro,RW3503,0.20167697251901118,1.0956863164901733,0.33065810984520777,763.9393136160714,32085.451171875,5.9339,3,0
Western Province,Ngororero,Kabaya,RW3504,0.125250011941661,2.4327659606933594,0.3562422481727183,755.0328262061404,43036.87109375,4.1646,2,0
Western Province,Ngororero,Kageyo,RW3505,0.021463929790340057,0.8022640943527222,0.11230315030650614,487.4281475360577,25346.263671875,4.3679,0,0
Western Province,Ngororero,Kavumu,RW3506,0.0,0.0,0.0,573.2241847826087,39552.46875,4.7986,2,0
Western Province,Ngororero,Matyazo,RW3507,0.011091838384929456,0.5922726988792419,0.07616213771591325,664.1301113696809,31214.115234375,4.7648,1,0
Western Province,Ngororero,Muhanda,RW3508,0.01006217933516627,0.932812511920929,0.07812888204543898,306.30897177419354,37982.3125,2.9572,0,0
Western Province,Ngororero,Muhororo,RW3509,0.10959645321494654,1.1835185289382935,0.25908777716343856,657.4770833333333,29586.46875,3.303,1,0
Western Province,Ngororero,Ndaro,RW3510,0.0,0.0,0.0,461.9873046875,29567.1875,4.0117,1,0
Western Province,Ngororero,Ngororero,RW3511,0.25724931702996695,3.0989797115325928,0.541603935440969,772.8969866071428,54102.7890625,4.9538,3,0
Western Province,Ngororero,Nyange,RW3512,0.4264793395996094,2.6183998584747314,0.6226692660645473,466.15167236328125,29833.70703125,3.1823,0,0
Western Province,Ngororero,Sovu,RW3513,0.0,0.0,0.0,583.6629807692308,37938.09375,4.4827,0,0
Western Province,Rusizi,Bugarama,RW3601,0.6590292700405779,3.725111246109009,0.7712632837472088,1406.869140625,33764.859375,6.7466,2,0
Western Province,Rusizi,Butare,RW3602,0.0693503668369391,1.7537838220596313,0.23673609126554274,106.14372996794872,24837.6328125,2.0131,1,0
Western Province,Rusizi,Bweyeye,RW3603,0.05045397353894783,1.897291660308838,0.2207993155853599,51.528784967237904,12779.138671875,0.9634,2,0
Western Province,Rusizi,Gashonga,RW3604,0.1733977577903054,1.2590000629425049,0.3165262815336748,550.2642505787037,29714.26953125,6.1074,4,0
Western Province,Rusizi,Giheke,RW3605,0.4588031095616958,2.194359064102173,0.6197989582280599,586.702696265244,24054.810546875,4.5689,1,0
Western Province,Rusizi,Gihundwe,RW3606,1.6878689116081305,10.81354808807373,2.176016725038669,1348.0834263392858,37746.3359375,5.8198,3,0
Western Province,Rusizi,Gikundamvura,RW3607,0.06422502293306238,1.5629167556762695,0.22815319808226045,590.5328125,23621.3125,6.9462,0,0
Western Province,Rusizi,Gitambi,RW3608,0.10974067161823141,2.9951064586639404,0.4069989542295831,982.206081081081,36341.625,8.4631,2,0
Western Province,Rusizi,Kamembe,RW3609,4.873892119436553,12.104571342468262,3.028714153601694,1559.8872612847222,28077.970703125,7.6187,7,0
Western Province,Rusizi,Muganza,RW3610,0.7790852864583333,10.775110244750977,1.80749025756678,2037.7516983695652,46868.2890625,7.4875,3,0
Western Province,Rusizi,Mururu,RW3611,1.474057105279738,7.87624979019165,1.6794032045732596,965.0384880514706,32811.30859375,6.5026,2,0
Western Province,Rusizi,Nkanka,RW3612,0.006782361080771998,0.6443243026733398,0.06575743039396571,975.2974446614584,23407.138671875,4.5273,1,0
Western Province,Rusizi,Nkombo,RW3613,0.061490302736108955,1.0248485803604126,0.20493685964411482,1647.4349459134614,21416.654296875,3.5264,1,0
Western Province,Rusizi,Nkungu,RW3614,0.029742712444729275,1.3529999256134033,0.1655905399632287,607.1351396276596,28535.3515625,6.5158,1,0
Western Province,Rusizi,Nyakabuye,RW3615,0.014369797571904241,0.7387500405311584,0.09511144565380764,900.4304865056819,39618.94140625,7.6927,1,0
Western Province,Rusizi,Nyakarenzo,RW3616,0.29567229825686786,2.0031707286834717,0.48955353195157597,562.2209821428571,19677.734375,5.7392,1,0
Western Province,Rusizi,Nzahaha,RW3617,0.3697549294734347,3.4076743125915527,0.5761978018322075,515.705322265625,33005.140625,7.7018,1,0
Western Province,Rusizi,Rwimbogo,RW3618,0.29782437521313865,1.56333327293396,0.4267845251810001,797.4909274193549,24722.21875,6.7637,1,0
Western Province,Nyamasheke,Bushekeri,RW3701,0.24227203057736765,1.6140000820159912,0.3753245169915141,285.3416539634146,35097.0234375,1.6309,1,0
Western Province,Nyamasheke,Bushenge,RW3702,0.11010922612370672,1.2027499675750732,0.26699105032785436,717.4159655448718,27979.22265625,4.5517,3,0
Western Province,Nyamasheke,Cyato,RW3703,0.019249019043221658,1.6676315069198608,0.15331503510309835,165.24700017265192,29909.70703125,0.8698,2,0
Western Province,Nyamasheke,Gihombo,RW3704,0.11121990618187837,1.0770454406738281,0.2646325087656852,490.84496038732397,34849.9921875,2.7594,2,0
Western Province,Nyamasheke,Kagano,RW3705,0.4446569675352515,4.706829071044922,0.7674038726078065,821.9856279481132,43565.23828125,3.5729,5,0
Western Province,Nyamasheke,Kanjongo,RW3706,0.2892846559223376,2.59761905670166,0.5614712979553663,803.2185479525862,46586.67578125,2.652,3,0
Western Province,Nyamasheke,Karambi,RW3707,0.03242654497291173,1.3486666679382324,0.15720081550742115,327.59911151960785,33415.109375,1.638,2,0
Western Province,Nyamasheke,Karengera,RW3708,0.01326177969123378,0.8751281499862671,0.09273290058719685,556.7698317307693,36190.0390625,4.2448,1,0
Western Province,Nyamasheke,Kirimbi,RW3709,0.19742039271763392,1.13840913772583,0.3431165979330933,624.9652506510416,29998.33203125,2.129,1,0
Western Province,Nyamasheke,Macuba,RW3710,0.14151505999236938,1.5849997997283936,0.30497027256997766,636.9264856557377,38852.515625,3.3402,1,0
Western Province,Nyamasheke,Mahembe,RW3711,0.039955569721978425,1.0183333158493042,0.17077536960993045,355.35455519153226,22031.982421875,2.9735,1,0
Western Province,Nyamasheke,Nyabitekeri,RW3712,0.0,0.0,0.0,897.784375,35911.375,3.9762,3,0
Western Province,Nyamasheke,Rangiro,RW3713,0.08884585482402912,2.406904697418213,0.28601904331130235,161.43245600728156,16627.54296875,1.2006,2,0
Western Province,Nyamasheke,Ruharambuga,RW3714,0.15282969192345383,1.7804545164108276,0.33993099107489405,487.29455236486484,36059.796875,3.541,2,0
Western Province,Nyamasheke,Shangi,RW3715,0.0,0.0,0.0,814.4043482730264,30947.365234375,3.2177,3,0
Northern Province,Rulindo,Base,RW4101,0.5654927767240084,3.2634785175323486,0.6148559424967481,694.541748046875,22225.3359375,4.609,1,0
Northern Province,Rulindo,Burega,RW4102,0.0,0.0,0.0,396.1633943256579,15054.208984375,4.4126,0,0
Northern Province,Rulindo,Bushoki,RW4103,0.6267290284647744,3.184000015258789,0.5697843082372555,605.09794921875,24203.91796875,3.6605,3,0
Northern Province,Rulindo,Buyoga,RW4104,0.04427782443201118,0.6785964369773865,0.14937662313822792,443.7997101814516,27515.58203125,4.29,0,0
Northern Province,Rulindo,Cyinzuzi,RW4105,0.02154295957541164,0.917931079864502,0.12387304085744734,458.90712890625,18356.28515625,3.5798,1,0
Northern Province,Rulindo,Cyungo,RW4106,0.2829723567753048,1.1236538887023926,0.35485332105039413,707.2548828125,15559.607421875,5.6557,0,0
Northern Province,Rulindo,Kinihira,RW4107,0.25757977434697044,1.4870588779449463,0.38152281665496723,606.8502807617188,19419.208984375,5.2166,5,0
Northern Province,Rulindo,Kisaro,RW4108,0.21322391810042135,1.3603774309158325,0.38845098929834254,564.5777254971591,24841.419921875,5.9898,0,0
Northern Province,Rulindo,Masoro,RW4109,0.7203019907776739,2.324237108230591,0.635154738979908,828.8747767857143,29010.6171875,5.4591,1,0
Northern Province,Rulindo,Mbogo,RW4110,0.12289221914190995,1.360727310180664,0.30461700154421767,425.0561044730392,21677.861328125,3.2541,0,0
Northern Province,Rulindo,Murambi,RW4111,0.45601478859230327,3.556896448135376,0.714721271033986,719.7888257575758,23753.03125,4.3828,1,0
Northern Province,Rulindo,Ngoma,RW4112,0.01915438543230095,0.7422033548355103,0.10484129774241156,397.9296875,15519.2578125,3.536,1,0
Northern Province,Rulindo,Ntarabana,RW4113,0.40275466076435484,1.7973214387893677,0.5441637155094579,693.3436498397435,27040.40234375,5.7721,2,0
Northern Province,Rulindo,Rukozo,RW4114,0.1385614719796688,1.019444465637207,0.2767573706924436,752.97216796875,18071.33203125,5.9337,0,0
Northern Province,Rulindo,Rusiga,RW4115,0.7732560782596982,4.262545585632324,0.6902447085337521,395.51935891544116,13447.658203125,3.674,1,0
Northern Province,Rulindo,Shyrongi,RW4116,0.9448406620112728,4.392458438873291,1.003644619345045,633.7327112268518,34221.56640625,4.1925,4,0
Northern Province,Rulindo,Tumba,RW4117,0.10401224027014082,1.8361111879348755,0.2882368839133547,586.2966796875,23451.8671875,4.4267,1,0
Northern Province,Gakenke,Busengo,RW4201,0.0,0.0,0.0,511.73250868055555,23027.962890625,6.8093,1,0
Northern Province,Gakenke,Coko,RW4202,0.0,0.0,0.0,312.5257112873134,20939.22265625,3.8884,0,0
Northern Province,Gakenke,Cyabingo,RW4203,0.1330093135004458,1.2790194749832153,0.2997616918380126,704.6605603448276,20435.15625,8.1099,0,0
Northern Province,Gakenke,Gakenke,RW4204,0.23668021177634216,2.6237778663635254,0.48693429142041234,531.3480631510416,25504.70703125,5.3149,4,0
Northern Province,Gakenke,Gashenyi,RW4205,0.3103076584485112,1.6366665363311768,0.4732622331194856,501.329413231383,23562.482421875,5.2383,1,0
Northern Province,Gakenke,Janja,RW4206,0.006318853034839763,0.45931029319763184,0.053063231198514416,524.1436695772059,17820.884765625,6.4906,2,0
Northern Province,Gakenke,Kamubuga,RW4207,0.0,0.0,0.0,620.9359375,27942.1171875,6.6717,1,0
Northern Province,Gakenke,Karambo,RW4208,0.1461070119118204,1.5252939462661743,0.32168963729359445,573.3005558894231,14905.814453125,4.7475,1,0
Northern Province,Gakenke,Kivuruga,RW4209,0.27231117144022904,1.2960784435272217,0.3769976642375996,603.5132921006945,21726.478515625,6.2008,3,0
Northern Province,Gakenke,Mataba,RW4210,0.0,0.0,0.0,450.3326994243421,17112.642578125,5.1327,1,0
Northern Province,Gakenke,Minazi,RW4211,0.0,0.0,0.0,286.84840198863634,15776.662109375,3.5794,1,0
Northern Province,Gakenke,Mugunga,RW4212,0.024583674529019522,0.7241666316986084,0.11689620618360554,741.3127232142857,25945.9453125,5.9472,2,0
Northern Province,Gakenke,Muhondo,RW4213,0.08954616636037827,3.438474655151367,0.36987655234088573,373.2150213068182,24632.19140625,4.4744,0,0
Northern Province,Gakenke,Muyongwe,RW4214,0.033687476139919015,1.0167239904403687,0.1499535701132791,438.8182164634146,17991.546875,3.8195,1,0
Northern Province,Gakenke,Muzo,RW4215,0.0,0.0,0.0,497.14539930555554,26845.8515625,4.7803,4,0
Northern Province,Gakenke,Nemba,RW4216,0.41175791902362174,2.003636360168457,0.48801997268675384,814.2786959134615,21171.24609375,6.0379,1,0
Northern Province,Gakenke,Ruli,RW4217,0.1485192337378258,2.45629620552063,0.38232463597273236,472.4817708333333,25514.015625,4.9745,2,0
Northern Province,Gakenke,Rusasa,RW4218,0.0,0.0,0.0,628.2881696428572,21990.0859375,6.3084,1,0
Northern Province,Gakenke,Rushashi,RW4219,0.07179635163968202,0.8424999117851257,0.19409198888666193,437.4910590277778,19687.09765625,6.8195,0,0
Northern Province,Musanze,Busogo,RW4301,0.8338286217222822,4.0107502937316895,0.8982775034026841,1241.1212439903845,32269.15234375,4.2564,1,0
Northern Province,Musanze,Cyuve,RW4302,1.363810919468699,15.343478202819824,2.340912533464027,1715.937890625,68637.515625,5.2264,1,0
Northern Province,Musanze,Gacaca,RW4303,0.35093831127474767,2.7124998569488525,0.5941607961163187,754.6081730769231,29429.71875,4.0352,2,0
Northern Province,Musanze,Gashaki,RW4304,0.07557647109877133,1.131020426750183,0.23857142290261946,529.2013811383929,14817.638671875,3.9964,0,0
Northern Province,Musanze,Gataraga,RW4305,0.13226778811820278,1.6756409406661987,0.35169951046498654,552.2103097098214,30923.77734375,1.9633,0,0
Northern Province,Musanze,Kimonyi,RW4306,1.1452141209652549,6.448043346405029,1.4651075993385638,832.596875,20814.921875,3.8422,0,0
Northern Province,Musanze,Kinigi,RW4307,0.17609606397912858,4.779999732971191,0.5684618408181614,469.5289147418478,43196.66015625,2.0254,1,0
Northern Province,Musanze,Muhoza,RW4308,6.072005772354579,20.448888778686523,5.551288947748676,3091.743885869565,71110.109375,9.181,24,0
Northern Province,Musanze,Muko,RW4309,0.8507863680521647,8.089166641235352,1.4485110071025638,1038.1389266304348,23877.1953125,4.7881,0,0
Northern Province,Musanze,Musanze,RW4310,0.9370873235887097,9.731395721435547,1.6542833903578782,1101.097339527027,40740.6015625,4.4553,5,0
Northern Province,Musanze,Nkotsi,RW4311,0.19501767365828804,2.3354902267456055,0.4569377064346396,613.3913810483871,19015.1328125,4.48,0,0
Northern Province,Musanze,Nyange,RW4312,0.25266053294407503,4.784375190734863,0.6167495329792895,587.5194711538461,38188.765625,2.7733,0,0
Northern Province,Musanze,Remera,RW4313,0.13126669091693424,1.2703999280929565,0.3000348256076375,729.6842041015625,23349.89453125,5.9628,0,0
Northern Province,Musanze,Rwaza,RW4314,0.49703863895300665,3.558333158493042,0.5769586322172423,786.859130859375,25179.4921875,6.4584,0,0
Northern Province,Musanze,Shingiro,RW4315,0.07002858192689958,1.9504878520965576,0.25879005734780175,463.4945068359375,29663.6484375,1.7815,1,0
Northern Province,Burera,Bungwe,RW4401,0.0,0.0,0.0,559.2148088727679,15658.0146484375,3.8135,1,0
Northern Province,Burera,Butaro,RW4402,0.17474953391335227,3.1172547340393066,0.4380459691412653,560.4851675724638,38673.4765625,4.9669,5,0
Northern Province,Burera,Cyanika,RW4403,0.1568093550832648,4.229600429534912,0.463849104844064,1107.7244100765306,54278.49609375,3.1317,1,0
Northern Province,Burera,Cyeru,RW4404,0.012630625305888809,0.5134615302085876,0.07481083014022966,332.60599190848217,9312.9677734375,6.5046,0,0
Northern Province,Burera,Gahunga,RW4405,0.04296296634031146,1.006922960281372,0.17075741231316355,1040.7473958333333,46833.6328125,2.3659,1,0
Northern Province,Burera,Gatebe,RW4406,0.018758058547973633,0.5600000023841858,0.08476261698194837,425.5086669921875,20424.416015625,3.1418,2,0
Northern Province,Burera,Gitovu,RW4407,0.016122139947262804,0.9184210896492004,0.0987673041432143,218.82752821180554,7877.791015625,2.1697,2,0
Northern Province,Burera,Kagogo,RW4408,0.21886275244540856,1.7404650449752808,0.40886397198535607,839.2999855324074,22661.099609375,3.0671,3,0
Northern Province,Burera,Kinoni,RW4409,0.1832331410654775,2.7614896297454834,0.44947104597997395,381.42862723214284,13350.001953125,2.6546,2,0
Northern Province,Burera,Kinyababa,RW4410,0.0,0.0,0.0,408.37489720394734,23277.369140625,3.1726,1,0
Northern Province,Burera,Kivuye,RW4411,0.020756587039592655,0.8850980401039124,0.1140784263361004,413.28583757267444,17771.291015625,3.5889,2,0
Northern Province,Burera,Nemba,RW4412,0.03179597854614258,1.0689795017242432,0.14639936350013374,487.2013494318182,21436.859375,4.6859,0,0
Northern Province,Burera,Rugarama,RW4413,0.0,0.0,0.0,848.6039751838235,28852.53515625,2.8085,2,0
Northern Province,Burera,Rugengabari,RW4414,0.0,0.0,0.0,888.0318244485294,30193.08203125,4.27,0,0
Northern Province,Burera,Ruhunde,RW4415,0.040853327395869235,1.2648980617523193,0.17871729628140778,411.479453125,20573.97265625,2.2311,2,0
Northern Province,Burera,Rusarabuye,RW4416,0.1407131233600655,2.5955770015716553,0.3711242867317866,544.6241083559783,25052.708984375,4.1142,1,0
Northern Province,Burera,Rwerere,RW4417,0.018673905118584112,0.8590196371078491,0.10762245562418123,376.8672572544643,21104.56640625,3.8926,2,0
Northern Province,Gicumbi,Bukure,RW4501,0.00831814102715042,0.5991228222846985,0.0670607568326345,446.69060905612247,21887.83984375,3.7177,1,0
Northern Province,Gicumbi,Bwisige,RW4502,0.027370516459147134,0.8767924904823303,0.13095945928866273,203.84114583333334,12230.46875,3.9226,1,0
Northern Province,Gicumbi,Byumba,RW4503,0.8017866952078683,5.4780354499816895,1.034760117671218,1625.386997767857,91021.671875,4.4927,4,0
Northern Province,Gicumbi,Cyumba,RW4504,0.3675054154306088,3.8228070735931396,0.6014979780177794,646.0869891826923,16798.26171875,3.8722,0,0
Northern Province,Gicumbi,Giti,RW4505,0.0,0.0,0.0,457.6722470238095,19222.234375,3.764,0,0
Northern Province,Gicumbi,Kageyo,RW4506,0.5599208465994221,1.8989286422729492,0.5626866596621813,874.56640625,33233.5234375,4.0817,1,0
Northern Province,Gicumbi,Kaniga,RW4507,0.18268538838592024,3.1105453968048096,0.3828884214123539,393.4234809027778,17704.056640625,3.0524,0,0
Northern Province,Gicumbi,Manyagiro,RW4508,0.029358738530291258,0.6674545407295227,0.12116282432526851,671.9879464285714,23519.578125,4.9043,0,0
Northern Province,Gicumbi,Miyove,RW4509,0.3843778073787689,1.6303703784942627,0.448868137889656,614.7369791666666,22130.53125,4.8888,0,0
Northern Province,Gicumbi,Mukarange,RW4510,0.047272832770096626,0.8702040910720825,0.1604527425846696,389.73151041666665,17537.91796875,3.9059,0,0
Northern Province,Gicumbi,Muko,RW4511,0.0,0.0,0.0,418.2374790736607,23421.298828125,2.7937,0,0
Northern Province,Gicumbi,Mutete,RW4512,0.2777457492042134,1.751250147819519,0.43067153095623484,495.17245802238807,33176.5546875,5.1237,1,0
Northern Province,Gicumbi,Nyamiyaga,RW4513,0.17399269021967406,1.3624560832977295,0.34442572508288766,534.7230902777778,24062.5390625,3.8224,2,0
Northern Province,Gicumbi,Nyankenke,RW4514,0.2130602653452892,1.664814829826355,0.3976912082277972,755.9685388513514,27970.8359375,4.9179,1,0
Northern Province,Gicumbi,Rubaya,RW4515,0.030428343697598104,0.9913559556007385,0.14027338206916973,687.3394097222222,12372.109375,4.085,1,0
Northern Province,Gicumbi,Rukomo,RW4516,0.1965806542373285,2.201754331588745,0.40557185328894224,583.1033501059322,34403.09765625,4.367,3,0
Northern Province,Gicumbi,Rushaki,RW4517,0.032423008621008685,0.7770000100135803,0.13238168384157575,272.4202059659091,14983.111328125,2.8699,2,0
Northern Province,Gicumbi,Rutare,RW4518,0.17593240356445314,1.3032759428024292,0.3289505017029629,497.8148193359375,31860.1484375,4.1968,3,0
Northern Province,Gicumbi,Ruvune,RW4519,0.0,0.0,0.0,371.36070538949275,25623.888671875,3.8024,0,0
Northern Province,Gicumbi,Rwamiko,RW4520,0.026719986047959866,0.6494736075401306,0.12330183834177849,504.292021780303,16641.63671875,4.1446,1,0
Northern Province,Gicumbi,Shangasha,RW4521,0.08330018896805613,0.845862090587616,0.21360673212520487,507.72706330128204,19801.35546875,4.2191,1,0
Eastern Province,Rwamagana,Fumbwe,RW5101,0.4338259441096608,5.726785182952881,1.0251185135818024,748.2157451923077,38907.21875,3.8298,2,0
Eastern Province,Rwamagana,Gahengeri,RW5102,0.5821407695679127,3.5613560676574707,0.6977253421802643,517.4388724662163,38290.4765625,3.3485,1,0
Eastern Province,Rwamagana,Gishali,RW5103,0.8635493687220982,6.466452121734619,1.0733160695930046,739.6012676886793,39198.8671875,1.8714,2,0
Eastern Province,Rwamagana,Karenge,RW5104,0.17757708317524679,2.442652940750122,0.42165902161502594,414.7674461570946,30692.791015625,5.6307,1,0
Eastern Province,Rwamagana,Kigabiro,RW5105,2.113443096032303,19.32451820373535,3.616812304702774,1019.5595021802326,43841.05859375,1.5093,8,0
Eastern Province,Rwamagana,Muhazi,RW5106,0.9055121285574776,8.752622604370117,1.176534474152533,652.2115788246268,43698.17578125,1.2922,2,0
Eastern Province,Rwamagana,Munyaga,RW5107,0.0,0.0,0.0,529.216796875,25402.40625,1.4009,0,0
Eastern Province,Rwamagana,Munyiginya,RW5108,0.47834287731852754,4.971694469451904,0.8083569844622412,741.0491976351351,27418.8203125,3.2233,1,0
Eastern Province,Rwamagana,Musha,RW5109,0.45035677689772385,2.2285001277923584,0.5931114971302012,688.2713068181819,37854.921875,3.6592,0,0
Eastern Province,Rwamagana,Muyumbu,RW5110,2.331902483847574,8.535484313964844,1.933375218417568,704.2622395833333,42255.734375,6.9026,6,0
Eastern Province,Rwamagana,Mwulire,RW5111,0.679825873429331,7.738749980926514,1.185819527283208,586.9882211538461,38154.234375,0.8214,1,0
Eastern Province,Rwamagana,Nyakaliro,RW5112,0.7000429219213026,6.850833415985107,1.3746580581473355,451.16078404017856,25265.00390625,6.8399,1,0
Eastern Province,Rwamagana,Nzige,RW5113,0.0891354008724815,1.1518181562423706,0.25211606171641354,459.01586415816325,22491.77734375,2.6721,0,0
Eastern Province,Rwamagana,Rubona,RW5114,0.2147060116588841,4.328620433807373,0.5515651083835451,586.7633568548387,36379.328125,4.1756,1,0
Eastern Province,Nyagatare,Gatunda,RW5201,0.09226256756743123,1.5938981771469116,0.23643201150223023,659.0332362288135,38882.9609375,3.6371,2,0
Eastern Province,Nyagatare,Karama,RW5202,0.09049408638525588,3.1024560928344727,0.3802765674163939,651.6192956349206,41052.015625,3.3865,2,0
Eastern Province,Nyagatare,Karangazi,RW5203,0.10037838005871506,3.432258129119873,0.3278758134269445,226.7174603174603,142832.0,1.8491,2,0
Eastern Province,Nyagatare,Katabagemu,RW5204,0.02935223982804768,0.8110169768333435,0.1227007916743393,466.7512019230769,54609.890625,3.0484,1,0
Eastern Province,Nyagatare,Kiyombe,RW5205,0.0,0.0,0.0,267.2490472560976,21914.421875,2.2594,1,0
Eastern Province,Nyagatare,Matimba,RW5206,0.49960044424280486,9.303133964538574,0.8988310901099302,477.4835164835165,43451.0,3.7587,2,0
Eastern Province,Nyagatare,Mimuri,RW5207,0.10643630368368966,1.6051561832427979,0.27394377943392917,555.5729631696429,31112.0859375,3.6292,3,0
Eastern Province,Nyagatare,Mukama,RW5208,0.0074819097455763655,0.6219047904014587,0.05870475585461936,405.65017947635135,30018.11328125,2.6272,1,0
Eastern Province,Nyagatare,Musheri,RW5209,0.06414944784981864,1.2597261667251587,0.20276813883003805,591.6143092105264,67444.03125,3.682,0,0
Eastern Province,Nyagatare,Nyagatare,RW5210,0.9522331296935562,15.013229370117188,1.9938041725634483,707.2992788461538,137923.359375,3.7531,10,0
Eastern Province,Nyagatare,Rukomo,RW5211,0.39621490590712605,4.570384502410889,0.7433585210121372,849.2776188380282,60298.7109375,3.8566,2,0
Eastern Province,Nyagatare,Rwempasha,RW5212,0.07051422644634636,2.7292306423187256,0.25712288954549833,221.2955464784264,43595.22265625,3.2336,3,0
Eastern Province,Nyagatare,Rwimiyaga,RW5213,0.16224532459751337,3.8482608795166016,0.46643548390380535,539.1050839552239,180600.203125,2.7313,3,0
Eastern Province,Nyagatare,Tabagwe,RW5214,0.12168134333853253,2.459354877471924,0.3344568412775711,500.24278336864404,59028.6484375,3.7932,1,0
Eastern Province,Gatsibo,Gasange,RW5301,0.03817216244489787,0.7391803860664368,0.14421019702247614,442.18463541666665,19898.30859375,3.6251,0,0
Eastern Province,Gatsibo,Gatsibo,RW5302,0.09693923976778569,1.1586440801620483,0.220357547071284,887.7138671875,63915.3984375,3.7884,2,0
Eastern Province,Gatsibo,Gitoki,RW5303,0.08835910872764695,2.2326154708862305,0.2797402115969481,600.9800347222222,54088.203125,3.1169,0,0
Eastern Province,Gatsibo,Kabarore,RW5304,0.44308788020436357,9.75171947479248,0.9912138522846862,561.472375,140368.09375,2.4825,4,0
Eastern Province,Gatsibo,Kageyo,RW5305,0.005498935967797109,0.5384126901626587,0.051512344231243935,403.7550384963768,27859.09765625,3.0642,1,0
Eastern Province,Gatsibo,Kiramuruzi,RW5306,0.3148392210615442,4.518923759460449,0.6508785397246915,665.5377970950705,47253.18359375,3.2684,1,0
Eastern Province,Gatsibo,Kiziguro,RW5307,0.4636202191973066,3.75985050201416,0.6947055693605755,657.1044921875,47311.5234375,3.4982,2,0
Eastern Province,Gatsibo,Muhura,RW5308,0.03301470568685821,0.8882539868354797,0.13846861024163756,672.9327876984127,42394.765625,2.8624,0,0
Eastern Province,Gatsibo,Murambi,RW5309,0.0,0.0,0.0,656.3172315140845,46598.5234375,3.1106,1,0
Eastern Province,Gatsibo,Ngarama,RW5310,0.16572240005999914,2.457796812057495,0.43320826236159865,774.207090435606,51097.66796875,3.2671,2,0
Eastern Province,Gatsibo,Nyagihanga,RW5311,0.009700831203233628,0.44017547369003296,0.062268412152710534,386.8260766006098,31719.73828125,3.0338,2,0
Eastern Province,Gatsibo,Remera,RW5312,0.0,0.0,0.0,604.4303609913793,35056.9609375,3.5797,1,0
Eastern Province,Gatsibo,Rugarama,RW5313,0.21299689619804577,2.7292189598083496,0.4818470355525512,701.6612413194445,63149.51171875,3.1556,0,0
Eastern Province,Gatsibo,Rwimbogo,RW5314,0.014702316480515145,2.3439393043518066,0.12465317718524976,115.56622420106525,86790.234375,0.8968,3,0
Eastern Province,Kayonza,Gahini,RW5401,0.11272764660063245,6.0987091064453125,0.38368341101298575,293.4448875523013,70133.328125,1.7119,3,0
Eastern Province,Kayonza,Kabare,RW5402,0.018878588630157768,0.7614516615867615,0.09830433983013309,374.37397044573646,48294.2421875,2.4048,1,0
Eastern Province,Kayonza,Kabarondo,RW5403,0.4434581741863236,3.8581249713897705,0.694524347737607,798.8992919921875,51129.5546875,2.9483,3,0
Eastern Province,Kayonza,Mukarange,RW5404,1.6334486273655378,15.100165367126465,2.346764418797668,1392.976058467742,86364.515625,3.3125,7,0
Eastern Province,Kayonza,Murama,RW5405,0.022888763134296122,0.8593220114707947,0.11431883157142342,372.43050733024694,30166.87109375,2.4557,1,0
Eastern Province,Kayonza,Murundi,RW5406,0.0040373352572167205,0.7977778315544128,0.0490505207071237,116.52793938386525,65721.7578125,1.019,2,0
Eastern Province,Kayonza,Mwiri,RW5407,0.007260569436891022,1.3243637084960938,0.06586629982588439,85.44226409313725,43575.5546875,0.8552,2,0
Eastern Province,Kayonza,Ndego,RW5408,0.013766462568470614,0.6975410580635071,0.08203399914153925,194.09730292085428,38625.36328125,1.6431,1,0
Eastern Province,Kayonza,Nyamirama,RW5409,0.433044249435951,2.5089831352233887,0.5636629384822773,725.7136333626761,51525.66796875,2.6884,2,0
Eastern Province,Kayonza,Rukara,RW5410,0.2371325461280267,2.3968966007232666,0.45479495012082316,602.1555989583334,46968.13671875,3.7525,2,0
Eastern Province,Kayonza,Ruramira,RW5411,0.03745647001016827,1.1319999694824219,0.18106892192138865,550.90515625,27545.2578125,2.1293,1,0
Eastern Province,Kayonza,Rwinkwavu,RW5412,0.10310987189964012,1.4170001745224,0.2606013194467968,450.49069602272726,49553.9765625,2.4947,3,0
Eastern Province,Kirehe,Gahara,RW5501,0.009655626598962084,0.6534782648086548,0.06854633806012457,475.53175080128204,55637.21484375,2.2863,2,0
Eastern Province,Kirehe,Gatore,RW5502,0.2291170544798588,1.9870312213897705,0.43102444479595037,538.1515410958904,39285.0625,2.2975,2,0
Eastern Province,Kirehe,Kigarama,RW5503,0.1103871101393445,3.570746421813965,0.3465664873923159,376.0918642241379,43626.65625,2.0855,0,0
Eastern Province,Kirehe,Kigina,RW5504,0.48034869499926297,7.422999858856201,0.9443420443756934,571.0790381493506,43973.0859375,2.9458,0,0
Eastern Province,Kirehe,Kirehe,RW5505,0.5492939844922727,7.6529998779296875,1.1150694772822185,636.5231007543103,36918.33984375,3.6239,4,0
Eastern Province,Kirehe,Mahama,RW5506,0.2508395112902913,2.25083327293396,0.42518370603873873,569.2088468309859,40413.828125,3.6836,1,0
Eastern Province,Kirehe,Mpanga,RW5507,0.02384661317281297,0.7658621072769165,0.1051925209315714,179.24812333185054,50368.72265625,1.6187,0,0
Eastern Province,Kirehe,Musaza,RW5508,0.020404599747567805,0.7550820112228394,0.1019397611926545,373.3447942450495,37707.82421875,2.2141,1,0
Eastern Province,Kirehe,Mushikiri,RW5509,0.0,0.0,0.0,422.27978515625,47295.3359375,2.4762,1,0
Eastern Province,Kirehe,Nasho,RW5510,0.07542346165921843,1.4730302095413208,0.218776578714959,348.0542317708333,41766.5078125,2.274,2,0
Eastern Province,Kirehe,Nyamugari,RW5511,0.447803856246581,18.492835998535156,1.5521947084198704,538.1090883027523,58653.890625,3.8893,2,0
Eastern Province,Kirehe,Nyarubuye,RW5512,0.013351118178141682,0.5679660439491272,0.07664780372743828,363.57724417892155,37084.87890625,2.1191,2,0
Eastern Province,Ngoma,Gashanda,RW5601,0.0,0.0,0.0,576.0132068452381,24192.5546875,3.8694,1,0
Eastern Province,Ngoma,Jarama,RW5602,0.0010689655472250546,0.4543103575706482,0.022011347815373873,325.67195159313724,33218.5390625,1.8124,1,0
Eastern Province,Ngoma,Karembo,RW5603,0.0616202602496726,0.7541378736495972,0.178107050443126,534.3098675271739,24578.25390625,2.6835,0,0
Eastern Province,Ngoma,Kazo,RW5604,0.0744474115342717,1.1849205493927002,0.21024383017868692,539.6914544753087,43715.0078125,2.7215,0,0
Eastern Province,Ngoma,Kibungo,RW5605,0.9271029951560557,6.675999641418457,1.2154179388344557,772.81328125,38640.6640625,3.1244,7,0
Eastern Province,Ngoma,Mugesera,RW5606,0.0,0.0,0.0,438.9576526988636,38628.2734375,2.8751,1,0
Eastern Province,Ngoma,Murama,RW5607,0.2973693078305541,1.2388333082199097,0.34265603831683117,541.717893366228,30877.919921875,2.5599,1,0
Eastern Province,Ngoma,Mutenderi,RW5608,0.030310476368123836,0.9729687571525574,0.1331438449817121,374.99497767857144,31499.578125,1.4561,1,0
Eastern Province,Ngoma,Remera,RW5609,0.3888242009371647,2.0880000591278076,0.5402261108742795,809.0564385775862,46925.2734375,3.2304,2,0
Eastern Province,Ngoma,Rukira,RW5610,0.14577459329422043,1.3718643188476562,0.3292148781524977,483.60957278481015,38205.15625,2.2131,2,0
Eastern Province,Ngoma,Rukumberi,RW5611,0.01750086909783981,0.8221427798271179,0.10141070606468809,511.14559659090907,50603.4140625,2.5254,0,0
Eastern Province,Ngoma,Rurenge,RW5612,0.021560634885515486,1.061403512954712,0.111866354659677,652.4672080592105,49587.5078125,2.6913,3,0
Eastern Province,Ngoma,Sake,RW5613,0.10826546805245536,1.428965449333191,0.26515083085427255,544.9151702425373,36509.31640625,3.6113,2,0
Eastern Province,Ngoma,Zaza,RW5614,0.0788021281614142,1.734464406967163,0.2616631791294407,515.3171214788732,36587.515625,2.9535,1,0
Eastern Province,Bugesera,Gashora,RW5701,0.970631740404212,16.785789489746094,1.5327548087295113,296.4760485197368,33798.26953125,2.5466,0,0
Eastern Province,Bugesera,Juru,RW5702,0.3218954886484272,13.318305015563965,0.9844872956341459,343.7337646484375,32998.44140625,4.1375,0,0
Eastern Province,Bugesera,Kamabuye,RW5703,0.15427348573329086,1.851666808128357,0.3604629130593001,244.17494158878506,26126.71875,1.7063,0,0
Eastern Province,Bugesera,Mareba,RW5704,0.17480259087249522,2.2422807216644287,0.3863798292887709,471.2130089962121,31100.05859375,4.7751,1,0
Eastern Province,Bugesera,Mayange,RW5705,1.2278732564407966,13.362931251525879,1.7882645946107703,359.7799403901734,62241.9296875,2.4975,8,0
Eastern Province,Bugesera,Musenyi,RW5706,0.12727538235669067,1.0873016119003296,0.28361050094132123,440.46183035714284,46248.4921875,3.4245,0,0
Eastern Province,Bugesera,Mwogo,RW5707,0.8491928037792567,1.9623438119888306,0.6771482171953949,417.6469401041667,25058.81640625,4.1294,0,0
Eastern Province,Bugesera,Ngeruka,RW5708,0.10275929299017574,1.720392107963562,0.3033586495275185,382.83882962740387,39815.23828125,2.9824,0,0
Eastern Province,Bugesera,Ntarama,RW5709,1.871663138370386,12.720999717712402,2.296761300742577,342.98841145833336,25724.130859375,4.2202,4,0
Eastern Province,Bugesera,Nyamata,RW5710,2.0860320634371496,15.078413009643555,2.5456086054291216,601.4184346330276,65554.609375,4.5574,10,0
Eastern Province,Bugesera,Nyarugenge,RW5711,0.5301621754964193,2.8427584171295166,0.6812284442408139,576.2807716836735,28237.7578125,2.0281,0,0
Eastern Province,Bugesera,Rilima,RW5712,0.8696129359111885,9.696666717529297,1.1242883020272454,328.42261513157894,31200.1484375,3.8312,1,0
Eastern Province,Bugesera,Ruhuha,RW5713,0.6725210313180193,4.182281017303467,0.915507809243306,657.2446808510638,30890.5,4.6887,0,0
Eastern Province,Bugesera,Rweru,RW5714,0.12927963710067295,2.0164999961853027,0.3236296078378572,211.2921723300971,43526.1875,1.3899,2,0
Eastern Province,Bugesera,Shyara,RW5715,0.032879549662272134,0.697586178779602,0.13153400871424833,542.5512563344595,20074.396484375,3.0204,1,0
